Model,MAE,MSE,R2
LinearRegression,82657.946058922,10549721686.159279,0.9146454505138069
RobustRegression,199465.55955429235,61664910393.24919,0.5010881990728202
RidgeRegression,82659.67244409776,10549745186.670172,0.91464526037841
LassoRegression,82657.9466217223,10549717660.356375,0.9146454830853386
ElasticNet,99126.80843102589,15081376466.55959,0.8779812271613102
PolynomialRegression,82894.44762396756,10604968581.895864,0.9141984648931063
SGDRegressor,1.8333296665772078e+18,3.422087581528173e+36,-2.7687056826043295e+25
ANN,199336.33893693736,61507909137.54203,0.5023584478858512
RandomForest,98260.50710772822,14963630244.518177,0.8789338755851289
SVM,282947.68758691323,123546565157.52672,0.0004227861838135283
LGBM,92133.9888284538,13097708114.507051,0.8940304769478327
XGBoost,101565.19208841266,16138680641.877495,0.8694269046645823
KNN,198086.23684543537,60395811313.31432,0.5113560889227768
